continent,Sum_totalcase,Sum_totaldeaths,Percentdeathspertotalcase
Europe,"44,863,478","1,016,750",2.266320057
North America,"37,529,487","847,942",2.259402054
South America,"24,878,216","672,415",2.702826441
Asia,"38,702,527","520,269",1.344276564
Africa,"4,557,699","121,784",2.672050085
Oceania,"43,570","1,046",2.40073445
